activity,transitions,min_distance_m,median_distance_m,mean_distance_m,max_distance_m
repositioning_pause,612,0.9974105859845299,3318.2876368274747,7318.242612887178,68203.92802978081
stationary_pause,4055,0.0,0.0,17.357412014730606,274.4298992858179
overall,4667,0.0,7.175240447163942,974.747971889155,68203.92802978081
