activity,transitions,min_distance_m,median_distance_m,mean_distance_m,max_distance_m
repositioning_pause,1151,6.676730646858808,111.03526160091913,2923.807641632474,49960.324356286685
overall,1151,6.676730646858808,111.03526160091913,2923.8076416324743,49960.324356286685
