activity,transitions,min_distance_m,median_distance_m,mean_distance_m,max_distance_m
repositioning_pause,540,256.0747011072994,2894.2540454986624,6179.622812842902,49960.324356286685
stationary_pause,611,6.676730646858808,41.35064918462607,46.32778491621957,210.171359755474
overall,1151,6.676730646858808,111.03526160091913,2923.8076416324743,49960.324356286685
