derived_transition_activity,transitions,min_distance_m,median_distance_m,mean_distance_m,max_distance_m
change_direction_pause,1854,0.0,0.0,13.284061795817426,73.935681234298
change_position_pause,1479,77.63617734126147,3660.8839983551784,7580.497221073824,68246.58728235558
overall,3333,0.0,43.782557085135814,3371.1923313944294,68246.58728235558
